{
  "name": "RStudio with Dev Container",
  // docker-compose.yml を参照してコンテナを起動
  "dockerComposeFile": "docker-compose.yml",
  "service": "rstudio-dev",

  // コンテナにおける作業ディレクトリ
  "workspaceFolder": "/workspace",

  // 必要な VSCode 設定
  "settings": {},

  // インストールしておくと便利な VSCode拡張機能 (例: R 関連)
  "extensions": [
    "Ikuyadeu.r"
  ],

  // コンテナ起動後に実行するコマンド (パッケージ更新などがあれば)
  "postCreateCommand": "Rscript requirements.R",
}
